,Lat,Lng,Max Temp,Humidity,Cloudiness,Wind Speed,Date
0,42.6,-73.97,59.0,94,0,1.99,1601522876
1,-53.15,-70.92,28.4,79,20,11.41,1601523124
2,-21.21,-159.78,78.8,88,69,11.41,1601523120
3,17.49,44.13,68.0,19,6,4.7,1601523124
4,-17.78,-57.77,83.07,25,4,3.78,1601523125
5,70.63,147.92,34.52,83,100,19.51,1601523125
6,-41.15,-71.31,37.4,64,20,23.04,1601523126
7,-41.87,-73.82,44.01,93,75,4.7,1601523126
8,-33.02,27.91,62.01,74,98,14.76,1601523127
9,-42.78,147.06,60.01,46,65,5.01,1601523128
10,-29.86,31.03,62.01,82,0,8.05,1601523128
11,68.75,161.3,40.62,68,100,15.57,1601523129
12,4.14,96.13,86.74,65,9,3.87,1601523130
13,-38.0,-57.56,55.0,87,70,6.93,1601523082
14,71.04,27.85,51.8,81,75,10.29,1601523130
15,-23.12,-134.97,72.45,82,83,24.96,1601523131
16,-21.61,-55.17,82.33,29,0,3.42,1601523131
17,64.38,-173.3,44.6,74,16,11.18,1601523131
18,3.07,172.79,82.02,74,6,16.6,1601523132
19,-33.65,115.33,61.0,78,97,11.01,1601523133
20,58.13,68.59,48.79,85,22,4.97,1601523133
21,31.22,77.75,69.39,32,0,3.51,1601523134
22,-46.6,168.33,63.0,46,98,5.01,1601523134
23,-34.42,19.23,53.82,75,100,24.43,1601523135
24,-21.2,-175.2,77.0,88,75,13.87,1601523135
25,-9.8,-139.03,78.49,76,3,20.89,1601523136
26,49.58,111.98,39.47,77,100,14.54,1601523137
27,51.38,1.39,60.01,99,100,1.99,1601523137
28,-54.8,-68.3,28.4,92,90,27.51,1601522867
29,-22.09,-70.2,61.79,61,74,4.16,1601523137
30,71.29,-156.79,32.0,94,90,24.16,1601523138
31,63.75,-68.51,30.2,63,40,6.93,1601523012
32,47.67,-52.73,70.0,100,90,20.8,1601523138
33,31.61,34.76,73.99,87,3,4.43,1601523123
34,-24.87,113.63,71.6,68,0,23.04,1601523139
35,5.41,100.34,87.8,62,20,4.7,1601523140
36,45.02,-93.22,48.99,81,90,8.05,1601523140
37,-42.88,147.33,60.01,40,40,19.46,1601522959
38,20.15,92.9,84.63,79,60,12.75,1601523141
39,38.52,-28.7,68.86,81,44,10.71,1601523141
40,43.65,111.98,46.33,52,14,35.12,1601523142
41,10.39,8.57,66.07,96,24,3.62,1601523142
42,-22.97,-42.03,73.08,90,73,23.85,1601523143
43,-34.53,20.04,55.4,71,100,18.34,1601523143
44,-0.6,73.08,82.78,72,100,3.74,1601523106
45,-20.57,164.28,72.88,60,51,11.5,1601523144
46,-0.95,-80.73,71.6,78,82,10.29,1601523084
47,-11.95,-75.28,51.22,61,82,3.36,1601523145
48,-46.13,167.68,63.0,46,55,5.01,1601523145
49,27.67,54.14,64.4,55,0,4.54,1601523146
50,58.81,-122.7,55.4,35,75,5.82,1601523009
51,39.51,-121.56,86.0,27,1,4.7,1601523146
52,61.99,-49.67,33.82,73,59,9.1,1601523147
53,48.39,39.16,55.36,48,100,17.63,1601523147
54,35.13,140.3,71.01,93,75,4.7,1601523148
55,22.08,-159.32,82.4,69,75,3.36,1601523148
56,31.95,12.03,71.85,31,0,9.53,1601523149
57,66.04,-17.34,39.2,86,90,11.41,1601523149
58,65.61,-37.64,35.6,51,49,5.82,1601523149
59,60.55,-151.26,57.2,58,20,12.75,1601523150
60,-21.36,55.77,71.6,64,90,6.93,1601523151
61,-46.28,169.85,53.01,64,92,8.01,1601523151
62,64.9,45.76,47.26,94,100,4.43,1601523151
63,51.83,143.17,53.78,63,15,4.07,1601523152
64,9.49,50.81,78.55,76,52,17.87,1601523152
65,-15.12,39.27,68.0,72,0,4.7,1601523153
66,-12.1,26.43,61.27,57,67,2.35,1601523153
67,56.74,15.91,54.0,100,94,4.7,1601523003
68,10.37,10.73,71.19,95,67,4.68,1601523154
69,15.33,120.95,87.8,74,75,2.24,1601523155
70,29.6,-90.72,64.0,93,1,4.05,1601523155
71,-35.17,173.17,58.84,60,47,3.67,1601523155
72,53.9,27.57,51.8,66,40,4.47,1601523156
73,54.72,135.31,55.33,55,0,12.01,1601523156
74,3.08,-59.95,78.26,75,40,0.25,1601523157
75,-15.98,-71.46,37.2,73,98,2.8,1601523157
76,-33.93,18.42,55.0,66,75,21.92,1601523073
77,-23.86,35.38,71.28,84,46,10.69,1601523158
78,-46.19,168.86,63.0,46,92,5.01,1601523158
79,42.1,-79.24,54.0,81,90,10.29,1601523151
80,48.65,-53.11,64.99,73,39,7.0,1601523159
81,56.97,23.16,48.2,93,97,3.36,1601522866
82,-2.65,10.0,74.61,77,100,3.38,1601523159
83,-29.95,-71.34,51.8,87,0,3.36,1601523160
84,0.78,11.55,66.56,99,100,2.33,1601523160
85,-33.59,26.89,60.73,70,89,11.14,1601522889
86,78.22,15.64,35.6,93,75,2.24,1601523161
87,45.05,136.61,59.2,61,100,11.07,1601523162
88,53.75,127.27,52.3,60,100,7.47,1601523162
89,49.83,8.67,50.0,93,20,5.82,1601523162
90,-14.97,22.68,66.31,67,19,2.44,1601523163
91,10.4,-75.51,82.4,83,40,2.24,1601523163
92,-45.87,170.5,52.0,69,76,10.0,1601523125
93,60.14,-45.24,35.33,72,100,5.39,1601523164
94,59.7,150.17,52.74,57,0,2.51,1601523164
95,63.44,-20.27,41.58,68,97,11.5,1601523164
96,8.62,-70.21,73.38,91,45,1.3,1601523165
97,77.48,-69.36,11.19,77,0,7.29,1601523165
98,20.88,-156.68,84.2,61,75,17.22,1601523006
99,73.51,80.55,40.84,97,100,20.24,1601523166
100,63.05,179.32,41.34,80,100,10.51,1601523167
101,-20.34,57.76,73.99,93,75,4.7,1601523168
102,-0.91,122.88,84.58,66,74,9.75,1601523168
103,41.37,-73.41,60.8,59,1,9.17,1601523136
104,18.8,110.4,86.5,69,84,4.74,1601523169
105,-28.55,16.43,55.42,80,93,11.21,1601523169
106,72.79,-56.15,23.29,87,26,5.44,1601523170
107,59.7,30.79,46.0,93,63,4.47,1601523170
108,40.8,-124.16,59.0,90,23,6.8,1601523170
109,69.7,170.31,37.15,80,0,7.29,1601522985
110,-2.57,150.8,84.65,69,92,4.36,1601523171
111,11.28,49.18,84.51,62,0,5.75,1601523171
112,-8.74,24.99,65.84,87,26,2.53,1601523172
113,-20.32,118.57,96.8,23,0,11.41,1601523173
114,-20.41,57.7,66.2,93,75,4.7,1601523173
115,-0.13,-67.09,72.39,95,98,2.19,1601523174
116,-20.33,-40.29,79.0,88,3,11.41,1601523153
117,37.62,48.53,49.23,79,20,2.8,1601523174
118,-18.65,-173.98,80.6,88,75,9.17,1601523175
119,69.38,178.42,33.48,87,100,0.36,1601523175
120,-25.17,46.08,67.66,81,36,15.03,1601523176
121,-25.24,130.99,89.6,15,0,11.41,1601523177
122,41.03,39.0,68.0,94,75,4.7,1601523177
123,-22.12,14.28,54.0,87,99,1.99,1601523178
124,5.41,100.34,87.8,62,20,4.7,1601523124
125,35.08,109.09,59.14,58,100,6.26,1601523178
126,-6.33,108.32,88.75,53,62,15.23,1601523179
127,71.97,102.5,29.75,98,100,10.22,1601523180
128,-3.8,102.27,88.14,59,69,4.07,1601523180
129,13.35,-15.75,78.66,84,100,6.8,1601523181
130,14.9,-24.5,79.74,78,0,6.62,1601523182
131,20.89,-156.47,84.2,62,40,10.29,1601523169
132,64.18,-51.72,30.2,50,2,12.75,1601523180
133,46.41,-105.84,48.2,34,1,9.17,1601523182
134,12.56,-12.17,75.31,88,90,2.3,1601523183
135,65.42,-52.9,29.75,82,0,9.84,1601523183
136,63.43,10.37,59.0,62,2,24.16,1601523184
137,-0.74,-90.35,66.0,93,98,8.01,1601523164
138,18.1,-91.02,70.93,98,100,8.16,1601523184
139,52.99,58.1,37.4,100,0,8.95,1601523185
140,-35.33,-72.42,45.37,72,100,9.44,1601523185
141,-12.04,-77.03,62.6,82,90,13.87,1601522917
142,59.12,159.97,42.42,93,98,7.49,1601523186
143,-21.64,-41.05,73.92,88,0,18.23,1601523187
144,60.92,-46.05,28.4,46,5,4.7,1601523187
145,-0.61,-47.36,78.26,83,36,10.47,1601523188
146,18.04,-71.74,82.36,65,100,4.23,1601523188
147,22.29,114.16,84.0,72,86,1.99,1601523189
148,69.49,88.4,28.4,100,75,11.18,1601523189
149,55.74,-97.86,33.8,86,75,8.05,1601523003
150,40.16,-8.33,64.0,85,86,1.99,1601523190
151,36.25,-121.25,75.99,72,1,3.36,1601523190
152,-30.18,-50.21,68.58,90,1,10.0,1601523190
153,42.83,-108.73,53.6,40,1,9.17,1601523190
154,-34.0,24.73,51.01,88,100,3.67,1601523191
155,38.42,-121.42,86.0,39,1,8.05,1601523191
156,-8.38,-74.55,72.55,84,47,1.81,1601523192
157,46.25,-83.57,50.0,87,75,6.93,1601523192
158,32.78,117.96,77.88,57,63,7.07,1601523193
159,70.37,31.11,51.8,87,75,9.17,1601523193
160,37.77,-25.7,68.0,82,75,8.05,1601523193
161,38.72,-90.26,61.0,58,1,4.7,1601523194
162,32.35,-85.2,60.8,93,1,4.7,1601523194
163,19.22,-104.7,78.6,82,100,3.91,1601523194
164,8.2,-59.78,75.97,91,5,3.02,1601523195
165,-25.3,152.85,79.0,52,17,4.0,1601523195
166,-26.65,15.16,53.26,69,13,10.31,1601523195
167,-37.62,-73.65,43.61,76,0,3.94,1601523196
168,-12.73,-69.18,72.54,79,0,1.57,1601523196
169,37.72,-25.43,68.0,82,75,8.05,1601523197
170,11.13,2.94,70.2,96,95,3.94,1601523198
171,35.98,-114.83,80.6,14,1,8.05,1601523198
172,-14.9,50.28,73.35,85,92,3.94,1601523198
173,50.68,156.12,51.8,81,57,7.25,1601523199
174,-12.74,-60.15,73.78,68,23,3.6,1601523199
175,22.24,68.97,83.32,69,5,10.69,1601523200
176,1.8,-78.82,75.65,86,99,8.72,1601523200
177,-26.62,-54.13,77.32,47,1,4.27,1601523200
178,49.15,-55.35,70.0,88,86,4.0,1601523201
179,-30.38,153.1,73.4,64,40,19.46,1601523202
180,51.05,12.15,46.0,93,0,2.24,1601523202
181,39.28,-80.34,57.99,71,75,6.93,1601523202
182,57.79,-152.41,51.8,87,90,16.11,1601523203
183,46.49,135.88,56.03,53,100,1.34,1601523203
184,22.68,-3.98,91.35,11,0,6.31,1601523204
185,22.93,97.75,81.03,75,91,0.85,1601523205
186,21.28,-89.67,78.8,88,90,14.85,1601523205
187,60.72,-135.05,51.8,50,75,11.41,1601522917
188,50.7,-127.42,60.8,82,90,5.82,1601523206
189,-38.55,-58.74,46.0,91,71,4.0,1601523206
190,33.19,-82.53,57.2,71,1,3.83,1601523206
191,11.24,-74.2,79.0,83,100,3.0,1601523158
192,65.28,-126.83,50.0,61,75,12.75,1601523207
193,64.84,-147.72,57.2,41,1,10.29,1601523015
194,68.22,-135.01,32.0,83,90,5.44,1601523208
195,66.32,-179.17,33.94,90,99,2.28,1601523208
196,59.57,150.8,50.23,62,0,2.08,1601523209
197,69.45,-133.04,35.6,93,90,13.87,1601523147
198,7.77,-72.22,64.62,85,62,2.13,1601523210
199,32.93,12.08,80.85,38,28,9.19,1601523210
200,68.05,166.44,36.16,84,93,2.46,1601523211
201,-28.77,114.6,71.6,49,45,11.41,1601523073
202,18.69,12.92,82.58,22,1,4.21,1601523211
203,-8.01,-34.86,78.8,74,75,12.75,1601523212
204,48.78,-87.1,42.22,81,100,14.88,1601523212
205,39.48,-88.37,53.6,66,1,5.82,1601523049
206,27.98,-114.06,80.02,50,0,9.69,1601523202
207,8.13,77.3,84.2,83,20,8.05,1601523213
208,-7.26,-34.91,75.2,88,75,5.82,1601523213
209,42.98,144.37,64.4,68,75,4.7,1601523214
210,67.8,130.41,32.43,76,40,4.54,1601523214
211,41.12,80.26,62.65,27,99,7.67,1601523215
212,40.27,18.34,55.4,100,20,3.36,1601523215
213,18.42,-64.62,84.0,88,17,4.0,1601523015
214,58.3,-134.42,51.8,87,75,8.05,1601523215
215,-0.88,131.25,84.67,74,100,10.6,1601523078
216,0.7,108.9,90.68,53,12,2.95,1601523216
217,15.85,-97.07,79.09,77,99,3.02,1601523216
218,37.08,-88.6,66.2,48,75,6.93,1601523014
219,18.22,42.51,60.8,72,10,1.43,1601523217
220,54.48,53.47,52.5,82,67,1.74,1601523193
221,-28.78,32.04,67.98,77,0,16.35,1601523217
222,50.63,38.69,53.83,41,83,17.22,1601523218
223,-14.78,24.8,64.27,55,32,3.15,1601523218
224,-6.34,106.1,91.4,59,40,11.41,1601523219
225,-3.01,114.39,91.4,63,40,4.7,1601523219
226,-13.34,-44.64,72.14,46,1,5.77,1601523220
227,62.23,-6.59,42.8,87,100,6.31,1601523220
228,45.41,79.92,49.53,43,100,4.41,1601523221
229,-11.1,-77.61,61.61,84,93,8.86,1601523221
230,8.92,-67.43,73.11,92,93,4.99,1601523222
231,62.46,-114.35,39.2,93,75,4.7,1601523222
232,-20.1,146.27,88.95,26,38,9.31,1601523223
233,46.54,138.33,57.92,66,98,11.45,1601523223
234,9.11,18.35,73.4,94,20,2.8,1601523224
235,-3.67,152.43,84.16,72,96,5.08,1601523224
236,69.22,-51.1,19.4,62,0,8.05,1601523225
237,20.5,-10.07,87.87,18,0,13.73,1601523226
238,44.76,136.29,60.24,58,100,11.01,1601523226
239,29.8,71.72,77.0,78,0,4.7,1601523226
240,57.05,-135.33,55.4,87,90,10.29,1601523227
241,67.45,153.68,42.71,57,0,14.74,1601523228
242,9.02,37.45,50.41,100,100,0.58,1601523228
243,-33.01,17.94,51.8,76,3,12.75,1601523229
244,47.49,8.9,52.0,93,90,1.48,1601523229
245,22.89,-109.91,84.2,66,5,11.41,1601523229
246,49.76,129.52,56.52,51,0,7.05,1601523230
247,-33.13,148.18,73.0,38,58,1.99,1601523230
248,14.92,-23.51,77.0,88,20,10.29,1601523231
249,41.28,-70.1,61.0,76,1,11.41,1601523066
250,50.61,105.32,38.08,61,100,5.99,1601523231
251,-0.32,102.35,85.12,74,82,3.4,1601523232
252,-32.72,152.15,77.0,41,40,19.46,1601523233
253,-2.02,147.27,84.42,75,100,6.22,1601523233
254,66.77,123.37,33.31,87,82,5.06,1601523234
255,-19.83,46.85,67.21,43,4,4.94,1601523234
256,43.48,-8.24,59.0,93,75,8.05,1601523235
257,45.25,77.98,48.87,49,100,10.36,1601523235
258,51.32,42.77,53.04,43,100,13.94,1601523235
259,-33.87,121.9,69.8,60,5,14.99,1601523236
260,2.3,111.82,87.8,66,20,3.36,1601523236
261,35.73,140.83,68.0,82,75,3.36,1601523236
262,-18.56,-51.13,86.49,19,60,4.05,1601523236
263,32.67,-17.1,68.0,82,75,8.05,1601523168
264,-38.23,175.87,61.0,66,86,7.0,1601523237
265,64.86,-147.8,57.2,50,90,3.36,1601523238
266,20.9,70.37,81.88,73,3,7.09,1601523238
267,-23.49,-58.8,86.59,30,3,7.2,1601523238
268,24.69,46.72,69.8,30,0,3.36,1601523127
269,5.56,7.64,71.47,99,100,0.43,1601523239
270,11.3,-10.72,72.12,91,100,2.1,1601523239
271,44.06,-121.32,69.01,30,1,6.93,1601523240
272,43.75,-81.72,57.99,85,100,19.19,1601523240
273,61.6,5.03,55.4,82,99,11.41,1601523240
274,36.62,-121.92,66.0,86,0,2.19,1601523241
275,70.47,-68.59,28.4,100,90,16.11,1601523241
276,62.88,152.43,46.78,52,90,11.39,1601523242
277,42.87,-106.31,48.99,45,1,8.05,1601523242
278,2.67,72.89,82.69,73,89,8.01,1601523242
279,-34.48,-54.33,60.98,94,0,2.75,1601523243
280,32.29,-115.11,95.0,10,5,5.82,1601523243
281,-7.47,-34.81,75.2,88,75,5.82,1601523243
282,-20.23,164.02,72.48,66,16,14.45,1601523244
283,-26.76,-53.17,68.0,89,0,5.95,1601523244
284,71.69,128.87,27.12,94,85,22.66,1601523161
285,-16.48,-151.75,79.05,78,26,23.53,1601523245
286,5.84,-5.36,72.1,97,100,3.65,1601523245
287,-20.73,139.5,93.2,14,62,6.93,1601523119
288,64.25,-15.21,44.2,75,35,15.39,1601523246
289,41.7,-73.92,57.99,81,1,6.85,1601523052
290,9.18,105.15,81.75,83,100,7.87,1601523244
291,40.6,-124.16,57.99,100,90,5.41,1601523246
292,71.0,24.66,48.2,93,80,13.87,1601523247
293,-3.42,114.85,91.4,63,40,4.7,1601523247
294,19.73,-155.09,82.4,74,40,6.93,1601522963
295,39.25,-8.01,60.01,63,26,1.01,1601523247
296,-34.73,135.87,66.63,52,6,11.34,1601523248
297,47.38,-61.86,64.4,88,75,24.16,1601523248
298,11.03,20.28,68.49,92,100,3.6,1601523248
299,58.74,29.85,45.97,90,50,4.99,1601523249
300,13.07,-59.53,78.8,88,90,21.92,1601523249
301,19.28,-72.5,74.95,83,100,3.62,1601523249
302,63.18,14.64,50.0,87,77,10.29,1601523250
303,37.1,-113.58,79.0,9,1,4.7,1601523010
304,-30.39,-56.45,72.45,87,42,8.55,1601523250
305,33.08,-16.33,68.0,88,40,8.05,1601523251
306,-34.93,138.6,64.4,52,16,12.75,1601523170
307,18.28,-70.33,81.0,84,76,3.0,1601523251
308,11.28,-15.83,81.86,75,98,6.15,1601523252
309,20.7,-105.2,82.4,83,40,2.24,1601523252
310,-13.7,-76.22,63.0,88,20,11.41,1601523253
311,48.97,-54.59,69.8,88,75,16.11,1601523253
312,7.98,-81.16,74.16,95,99,2.86,1601523254
313,56.34,114.88,38.5,70,100,4.29,1601523254
314,-10.22,-37.42,66.02,98,9,5.23,1601523255
315,-12.79,45.27,73.4,94,1,1.12,1601523255
316,37.27,28.22,53.6,76,0,1.12,1601523255
317,41.45,69.17,57.2,54,0,9.17,1601523256
318,22.69,58.53,80.56,32,2,3.22,1601523257
319,61.58,-149.44,57.2,58,1,14.99,1601523257
320,11.67,-9.5,74.57,89,92,3.33,1601523258
321,66.94,-53.67,24.28,87,0,13.58,1601523258
322,-35.1,173.78,57.65,59,62,3.71,1601523259
323,-32.16,25.62,47.28,80,91,7.81,1601523259
324,71.92,114.08,29.5,93,81,3.74,1601523260
325,40.16,-83.08,57.0,71,1,11.41,1601523213
326,53.12,18.01,55.99,93,20,4.7,1601523260
327,37.57,126.98,71.6,64,90,7.02,1601522973
328,12.06,-61.75,82.4,83,40,6.93,1601523261
329,41.35,-1.64,59.0,93,90,4.7,1601523261
330,47.11,-104.71,48.0,45,1,13.87,1601523261
331,20.86,92.31,86.49,73,36,11.18,1601523262
332,-19.8,-174.35,75.2,100,75,9.17,1601523263
333,-17.51,-149.49,84.2,62,20,8.05,1601523263
334,-26.37,-70.05,52.2,45,0,0.11,1601523264
335,63.07,40.33,42.51,96,100,2.04,1601523264
336,59.38,143.3,55.6,51,0,5.12,1601523265
337,32.12,76.53,75.7,25,0,3.65,1601523265
338,-2.05,33.87,69.8,88,20,2.68,1601523266
339,30.48,-115.95,80.28,38,0,5.7,1601523266
340,21.46,-71.14,84.06,81,100,20.15,1601523267
341,49.78,-74.85,48.2,93,90,6.93,1601523267
342,-18.37,21.85,69.96,56,13,5.17,1601523267
343,-20.52,57.52,66.2,93,75,4.7,1601523268
344,-29.21,26.84,33.8,59,0,2.24,1601523268
345,1.74,98.78,84.33,69,87,5.53,1601523269
346,48.76,-91.62,40.93,92,70,7.56,1601523269
347,-37.83,140.77,60.8,55,56,19.46,1601523269
348,-6.98,-34.83,75.2,88,75,5.82,1601523035
349,69.31,16.12,50.0,93,17,6.93,1601523270
350,-8.93,125.41,79.48,43,44,7.63,1601523270
351,50.03,-66.87,50.0,87,40,12.75,1601523270
352,18.74,7.39,88.97,24,1,7.52,1601523271
353,51.03,-4.22,52.0,84,67,5.99,1601523271
354,41.64,13.51,55.0,93,0,1.01,1601523271
355,34.67,138.95,68.0,82,75,10.29,1601523189
356,-24.79,-50.01,62.55,97,13,6.02,1601523271
357,69.65,18.96,46.4,93,97,5.82,1601523272
358,48.83,58.14,55.72,55,1,13.2,1601523272
359,-14.25,129.55,89.29,53,17,8.93,1601523272
360,50.06,43.24,48.99,52,100,5.01,1601523273
361,34.55,-90.64,66.2,59,0,8.08,1601523273
362,22.81,115.83,82.0,63,80,17.16,1601523273
363,10.24,123.85,89.6,66,20,6.93,1601523274
364,54.05,61.75,50.43,79,0,1.66,1601523274
365,-16.7,-151.02,79.41,77,20,23.96,1601523275
366,48.93,-125.55,60.01,91,75,1.01,1601523093
367,69.41,86.18,28.4,100,75,11.18,1601523275
368,65.7,82.47,37.85,78,100,7.52,1601523276
369,11.0,122.67,86.83,73,98,6.04,1601523276
370,54.42,16.41,55.0,94,100,11.18,1601523276
371,16.83,99.8,89.6,74,40,2.24,1601523277
372,9.94,76.26,82.4,83,40,2.24,1601523247
373,48.81,103.53,37.69,70,94,4.43,1601523277
374,60.82,-115.8,41.0,80,40,9.17,1601523278
375,65.53,72.52,45.09,84,82,8.25,1601523278
376,-22.47,-68.93,57.2,17,53,5.82,1601523278
377,5.67,73.0,81.82,73,79,12.35,1601523279
378,-17.0,145.43,86.0,48,0,14.99,1601523279
379,66.15,-65.71,25.29,86,0,8.14,1601523280
380,57.94,69.02,49.91,85,36,4.85,1601523280
381,58.52,-117.14,48.2,61,40,4.7,1601523280
382,60.12,64.78,48.43,77,0,6.29,1601523281
383,-7.25,35.07,63.84,66,1,1.63,1601523281
384,14.31,121.11,91.0,70,75,4.7,1601523281
385,23.87,76.92,81.23,60,22,9.04,1601523282
386,11.25,-85.87,78.17,82,100,3.51,1601523282
387,-45.58,-72.07,41.0,75,92,5.82,1601523282
388,45.84,-66.48,55.0,100,1,5.82,1601523151
389,68.05,39.51,42.17,89,4,8.32,1601523283
390,64.89,-23.71,38.1,85,100,4.65,1601523253
391,69.3,139.9,29.1,87,42,18.61,1601523282
392,63.76,121.62,37.56,70,31,4.5,1601523284
393,4.41,114.01,87.8,70,40,8.05,1601523284
394,64.5,-165.41,48.99,61,90,16.11,1601523216
395,-34.58,150.86,73.99,42,0,5.99,1601523285
396,45.52,-122.68,72.0,64,75,2.15,1601523130
397,-22.96,14.51,55.4,71,97,2.24,1601523286
398,68.35,-133.72,35.6,93,75,10.29,1601523273
399,-18.93,29.81,59.9,82,5,4.81,1601523286
400,-16.35,-53.76,82.9,21,85,4.18,1601523286
401,29.2,25.52,71.13,69,0,6.33,1601523287
402,45.18,-89.68,46.4,87,1,5.82,1601523124
403,25.12,114.3,79.56,71,78,3.98,1601523010
404,58.18,94.76,36.16,83,99,3.4,1601523288
405,46.43,26.4,48.99,91,100,2.75,1601523288
406,-6.88,112.21,88.81,55,2,6.35,1601523288
407,33.44,129.97,78.8,50,20,12.75,1601523289
408,41.76,86.15,59.63,28,100,3.29,1601523289
409,8.0,98.25,87.01,74,40,6.93,1601523289
410,-2.99,-65.11,72.52,97,99,2.37,1601523131
411,-24.13,19.12,44.08,64,0,8.79,1601523290
412,12.35,32.18,73.96,82,71,9.19,1601523291
413,-33.92,25.57,55.4,87,90,3.36,1601523291
414,20.93,-17.03,71.6,78,79,18.34,1601523292
415,40.43,71.72,50.0,93,0,2.24,1601523227
416,-33.7,-53.46,62.73,94,0,7.72,1601523292
417,11.53,106.92,87.31,65,86,3.71,1601523293
418,-29.15,-59.65,76.68,66,32,6.42,1601523293
419,-31.95,141.43,71.6,40,40,12.75,1601523294
420,4.92,6.26,72.95,96,91,1.03,1601523294
421,34.48,136.7,77.0,53,20,4.7,1601523294
422,43.41,-124.22,60.8,87,90,6.93,1601523126
423,63.32,30.02,47.61,85,75,4.41,1601523295
424,51.87,45.01,51.31,51,100,9.33,1601523295
425,5.03,118.33,86.67,61,4,4.52,1601523296
426,-19.06,-169.92,82.4,74,40,9.17,1601523296
427,4.38,-7.72,76.77,87,100,8.79,1601523248
428,-15.86,-38.88,75.2,78,75,9.17,1601523297
429,-36.83,175.7,57.74,60,34,4.41,1601523297
430,18.44,1.41,87.39,14,4,10.47,1601523298
431,44.02,144.27,61.0,72,75,9.17,1601523298
432,50.2,-66.38,50.0,87,40,12.75,1601523002
433,-15.2,12.15,60.06,89,10,6.82,1601523299
434,7.93,1.98,70.23,98,75,3.15,1601523299
435,13.3,19.7,76.5,76,97,7.94,1601523299
436,50.25,-118.97,61.0,78,5,2.98,1601523300
437,41.32,-73.09,69.8,59,1,17.22,1601523133
438,43.74,135.29,60.85,59,74,12.5,1601523300
439,36.75,-3.02,68.0,94,75,5.82,1601523301
440,29.58,-9.5,64.99,76,0,1.21,1601523301
441,-21.34,55.48,71.6,64,90,6.93,1601523302
442,-12.49,130.98,95.0,52,20,10.29,1601523302
443,-29.68,-53.81,73.4,79,2,3.58,1601523050
444,-19.7,-46.17,74.52,44,75,5.84,1601523303
445,36.3,139.8,73.99,88,90,5.82,1601523304
446,34.64,-120.46,60.8,87,1,6.76,1601523304
447,16.78,94.73,85.37,80,91,10.27,1601523226
448,24.09,32.91,81.68,24,0,7.72,1601523305
449,17.42,121.44,84.69,73,97,3.42,1601523305
450,60.34,102.28,33.44,88,100,5.3,1601523306
451,7.28,124.31,88.2,62,29,6.8,1601523306
452,39.93,64.38,48.2,57,0,2.24,1601523306
453,42.53,-1.67,57.2,93,55,1.12,1601523307
454,-38.27,141.97,61.23,63,46,11.7,1601523307
455,13.22,-59.52,78.8,88,90,21.92,1601523307
456,20.52,-13.05,89.44,21,0,9.95,1601523308
457,13.91,-4.55,83.26,63,62,8.97,1601523308
458,37.73,-25.67,68.0,82,75,8.05,1601523309
459,14.76,5.77,80.6,78,0,2.24,1601523309
460,-41.41,175.52,59.0,58,13,12.75,1601523309
461,25.9,-97.5,69.01,72,1,3.36,1601523310
462,54.43,31.9,50.22,58,7,14.38,1601523310
463,4.25,-54.38,72.99,95,99,4.18,1601523310
464,-10.68,35.65,60.48,75,48,4.25,1601523310
465,9.33,-82.25,64.0,99,100,2.98,1601523311
466,55.75,38.0,52.0,87,98,6.71,1601523311
467,-31.47,19.78,45.03,74,100,5.64,1601523312
468,5.35,48.53,78.89,75,100,13.13,1601523312
469,43.52,-114.32,57.2,44,5,5.82,1601523187
470,37.46,-122.43,75.2,77,40,5.82,1601523078
471,37.61,-122.49,66.0,77,40,5.82,1601523313
472,24.48,118.08,80.6,57,20,8.95,1601523313
473,13.47,22.2,70.47,81,100,5.79,1601523314
474,25.7,100.18,73.11,65,54,3.24,1601523314
475,47.43,-72.78,47.97,93,49,8.63,1601523314
476,-38.95,-68.06,50.0,43,0,13.87,1601523022
477,2.92,73.57,82.33,75,100,8.77,1601523315
478,7.82,124.73,78.21,82,77,3.33,1601523315
479,-17.3,-48.28,79.38,30,61,3.15,1601523316
480,65.82,87.98,31.42,93,98,3.02,1601523316
481,-3.45,30.32,59.9,89,99,1.77,1601523316
482,48.22,18.61,57.99,95,98,8.99,1601523317
483,42.8,93.45,59.34,28,0,14.43,1601523317
484,38.89,-76.51,63.0,72,1,5.82,1601523317
485,22.17,83.35,73.36,81,100,0.69,1601523318
486,5.48,-53.2,79.56,84,82,11.45,1601523318
487,46.42,3.91,51.01,93,100,5.82,1601523172
488,5.31,100.44,87.8,74,20,6.93,1601523318
489,34.26,-88.7,62.6,72,1,4.7,1601523319
490,-16.5,-68.15,37.4,86,40,2.24,1601523319
491,22.57,59.53,86.68,40,0,5.35,1601523319
492,30.3,111.5,75.07,65,79,3.78,1601523320
493,18.39,42.45,60.8,72,6,1.7,1601523166
494,-3.37,135.48,86.88,62,77,5.7,1601523320
495,45.23,147.88,57.49,79,78,10.56,1601523320
496,61.47,-6.81,48.67,68,98,7.45,1601523321
497,43.32,145.57,62.6,77,75,8.05,1601523321
498,65.58,-171.0,37.81,81,56,12.35,1601523322
499,-31.63,-71.17,46.96,76,7,1.28,1601523322
500,59.57,7.99,49.75,88,100,4.16,1601523322
501,0.13,117.5,86.77,64,47,7.87,1601523323
502,37.33,-87.5,71.6,26,90,11.41,1601523323
503,60.28,47.07,46.72,93,95,4.79,1601523323
504,-20.74,116.85,91.65,18,4,12.71,1601523324
505,7.62,-11.83,72.57,99,98,1.41,1601523324
506,6.12,81.12,84.2,79,40,14.99,1601523324
507,51.75,-0.33,53.01,93,90,9.17,1601523324
508,49.18,125.22,57.04,49,100,11.65,1601523325
509,4.88,-1.76,75.79,89,100,9.15,1601523325
510,-2.92,-39.92,77.95,78,9,17.0,1601523325
511,-14.8,-57.29,82.06,27,53,2.15,1601523326
512,-0.22,20.87,71.01,95,100,1.16,1601523225
513,50.68,36.55,57.2,41,96,20.13,1601523326
514,-23.53,148.17,84.2,30,0,6.93,1601523327
515,63.9,122.76,37.71,69,61,5.21,1601523198
516,6.47,12.63,64.42,96,68,3.89,1601523327
517,27.93,-110.9,84.99,78,0,4.0,1601523298
518,57.45,97.32,36.55,80,100,4.03,1601523328
519,66.87,13.71,53.6,76,1,11.41,1601523328
520,13.22,18.34,78.37,64,99,6.11,1601523328
521,22.93,57.53,84.67,23,0,1.41,1601523329
522,5.95,80.54,84.38,70,98,13.2,1601523329
523,48.4,-89.32,46.4,93,90,5.82,1601523329
524,43.8,87.6,53.6,32,1,2.24,1601523330
525,43.4,4.98,53.6,87,75,5.82,1601523330
526,-5.55,150.14,83.12,69,83,7.92,1601523330
527,58.45,92.17,35.26,94,100,1.83,1601523331
528,8.12,-63.55,79.34,78,88,8.79,1601523331
529,-34.05,23.37,53.24,77,98,2.89,1601523234
530,-13.88,167.55,78.8,94,75,5.82,1601523332
531,58.42,94.67,35.55,84,98,3.65,1601523332
532,-19.23,17.72,57.0,31,0,6.78,1601523333
533,39.89,4.27,68.0,77,11,6.93,1601523333
534,-7.95,110.28,87.01,55,39,14.45,1601523333
535,60.75,-137.51,44.58,82,97,5.46,1601523333
536,11.5,42.5,87.8,74,75,6.93,1601523334
537,61.67,96.37,36.77,78,81,4.0,1601523334
538,52.33,124.73,55.15,52,100,6.06,1601523335
539,55.78,109.55,36.03,72,92,6.67,1601523335
540,4.93,-52.33,78.8,94,75,10.54,1601523335
541,10.57,72.64,82.4,78,40,4.7,1601523336
542,-18.33,-59.75,82.24,39,28,4.97,1601523336
543,39.05,-27.98,69.06,80,53,10.33,1601523336
544,41.31,-4.91,54.0,81,66,14.99,1601523337
545,18.45,-88.92,72.9,98,100,2.08,1601523337
546,-6.22,155.63,84.88,68,84,5.39,1601523337
547,27.92,96.17,90.1,46,5,3.13,1601523338
548,-20.02,148.23,80.6,44,0,11.41,1601523338
549,-19.55,169.27,80.6,65,75,11.41,1601523338
550,19.22,-98.81,64.4,45,75,6.93,1601523339
551,16.86,-99.89,79.47,81,60,4.29,1601523339
552,-5.2,-35.46,73.4,88,75,3.36,1601523339
553,11.3,2.44,70.38,94,100,3.96,1601523339
554,-20.21,57.76,73.99,93,75,4.7,1601523264
555,38.9,46.24,59.9,60,50,5.41,1601523340
556,51.56,-1.78,48.99,100,75,5.88,1601523341
557,7.5,134.62,77.0,94,90,5.82,1601523341
558,46.79,48.01,53.6,76,0,13.42,1601523341
559,33.16,-117.35,78.8,64,1,2.33,1601523341
560,40.45,-74.39,59.0,77,0,10.27,1601523258
561,70.86,29.09,51.8,81,75,10.29,1601523342
562,25.26,63.47,85.19,37,0,8.75,1601523342
563,6.5,2.6,78.8,88,40,13.87,1601523343
564,50.6,97.52,35.92,72,95,1.9,1601523343
565,33.45,50.29,61.48,41,49,1.45,1601523343
566,33.6,56.92,60.8,18,23,4.7,1601523344
567,-26.2,28.04,57.99,94,82,1.99,1601523344
568,65.99,57.53,43.43,93,61,11.83,1601523196
569,56.17,91.82,33.8,100,75,2.24,1601523345
570,32.3,-81.24,62.6,82,1,2.75,1601523345
571,31.32,-113.53,93.0,38,0,5.99,1601523236
572,14.3,-91.92,64.99,99,100,9.31,1601523346
573,58.59,35.8,45.5,89,4,5.53,1601523346
574,53.99,84.74,39.85,93,100,6.96,1601523347
575,25.11,117.02,84.85,49,23,1.74,1601523347
576,43.36,-80.31,52.0,87,75,5.82,1601523301
577,13.73,5.3,78.78,74,0,9.8,1601523348
578,65.75,150.85,44.53,51,0,6.15,1601523348
